First Name,Last Name,Email
Uriah,Cardenas,consectetuer.ipsum@sapiencursus.com
Owen,Trujillo,mauris.sit.amet@neque.org
Thane,Roth,Mauris@molestieSedid.com
Wang,Cantu,dolor.sit.amet@Vestibulum.org
Kasper,Sykes,sagittis@estvitae.ca
Arthur,Ochoa,aliquam@blandit.ca
Micah,Carter,nascetur.ridiculus@quamdignissimpharetra.com
Calvin,Chandler,magnis@non.ca
Jasper,Dennis,Aenean@adlitoratorquent.edu
Jasper,Griffin,consectetuer@eleifendnunc.com
Graiden,Curtis,egestas@eget.net
Shad,Mejia,ut@ullamcorpermagna.edu
Cameron,Singleton,gravida@venenatisamagna.org
Tad,Klein,libero.Donec.consectetuer@acfacilisis.net
Aristotle,Duffy,quis.turpis.vitae@cursusa.co.uk
Rigel,Grant,sapien.cursus@massarutrummagna.com
Sylvester,Harmon,accumsan.neque@Maurisblandit.org
Tanner,Strickland,fringilla.purus.mauris@Fuscefermentumfermentum.net
Isaiah,Pena,ipsum.non.arcu@fermentumrisusat.org
Fletcher,Waller,malesuada.ut.sem@posuereenim.edu
Emery,Long,dui.lectus.rutrum@gravidasagittisDuis.com
Malachi,Sherman,ut.nisi.a@elitpede.edu
Christopher,Mcfadden,Nullam@Class.org
Valentine,Woodard,orci.Ut.semper@elit.com
Allen,Booker,Vestibulum.ante@maurissit.edu
Cooper,Sharp,dui.Cras.pellentesque@leoVivamusnibh.org
Sean,Scott,Integer@lobortisaugue.net
Axel,Gardner,Donec.elementum.lorem@a.net
Reuben,Berry,accumsan@arcuVestibulumante.org
Kirk,Shepard,lacus.pede@tristiquesenectuset.edu
Amal,Sykes,auctor.quis.tristique@Vivamusrhoncus.org
Cruz,Rosales,commodo@diam.ca
Beau,Fitzgerald,et.magnis@CurabiturmassaVestibulum.org
Mohammad,Strickland,facilisis.vitae@a.com
Zeph,Tate,sed.dui.Fusce@id.com
Connor,William,mollis@blandit.ca
Len,Meyers,Etiam.laoreet.libero@risus.ca
Russell,Salazar,et.nunc@sit.ca
Yardley,Wells,eu.ultrices.sit@feugiat.co.uk
Clarke,Chan,Proin@egetmagnaSuspendisse.edu
Martin,Tillman,Integer@leo.net
Nigel,Caldwell,Donec.nibh@sagittis.com
Jerome,Malone,orci.lobortis@augueac.edu
Lucius,Leon,at.pede@variusNam.edu
Malcolm,Stout,et.netus@doloregestasrhoncus.net
Noah,Figueroa,tincidunt@enim.com
Harper,Thomas,ut.sem.Nulla@non.co.uk
Timothy,Patton,et@semPellentesque.com
Oliver,Park,Vivamus@mauris.ca
Thomas,Prince,ac@gravida.co.uk
Deacon,Hammond,et.nunc.Quisque@duiin.net
Lamar,Cline,facilisis.Suspendisse.commodo@penatibusetmagnis.co.uk
Fuller,Goodwin,ligula.Aenean.euismod@adipiscingelitAliquam.co.uk
Robert,Guerra,eu.lacus.Quisque@consectetuer.com
Benjamin,Torres,mauris.a@nuncrisus.ca
Herrod,Pennington,egestas@magnaSedeu.edu
Talon,Nixon,est.ac.facilisis@Donec.net
Giacomo,Jensen,Mauris@ornare.co.uk
Jeremy,Abbott,sapien@nec.co.uk
Andrew,Sears,Cras.eu.tellus@augueeu.co.uk
Adam,Nielsen,magna.sed.dui@afelisullamcorper.ca
Brennan,Rasmussen,at.egestas@Proin.ca
Tucker,Green,et.malesuada.fames@facilisis.ca
Amal,Winters,Mauris.nulla@vehiculaPellentesque.net
Julian,Kaufman,viverra@adipiscingMauris.com
Chaney,Leonard,montes@scelerisquescelerisquedui.co.uk
Noble,Bartlett,ipsum.primis@feugiatnonlobortis.edu
Isaac,Goodman,accumsan@quisturpis.co.uk
Gannon,Zamora,aliquet.diam@neque.net
Joel,Mays,sit@idantedictum.ca
Hu,Strong,eros@Nuncpulvinararcu.ca
Anthony,Hartman,Praesent@placeratvelitQuisque.co.uk
Raymond,Rojas,vitae.posuere@Maurisvestibulumneque.net
Burton,Dorsey,enim.nisl.elementum@lorem.ca
Deacon,Cooke,amet@ullamcorperviverra.co.uk
Brody,Macias,at.nisi@mifelisadipiscing.edu
Lucius,Flores,dignissim.lacus.Aliquam@vulputateeu.org
Buckminster,Vaughn,pharetra.ut@tristiquepharetra.org
Tyrone,Church,orci@ullamcorperviverraMaecenas.net
Arsenio,Buck,cursus.purus@odio.com
Damon,Castro,Morbi@lobortisnisinibh.edu
Conan,Taylor,interdum.ligula@cursusdiam.ca
Harper,Mcdonald,dapibus.ligula@nibhsit.ca
Wang,Garrison,dolor.Fusce.mi@sapien.org
Price,Lawrence,nisl.arcu@interdumCurabiturdictum.ca
Addison,George,in.lobortis@uteros.com
Lawrence,Joyner,non.justo@arcuNuncmauris.edu
Acton,Mayo,et.commodo@Cum.net
Joseph,Sellers,Vestibulum.accumsan@Mauris.com
Laith,Forbes,elit.elit@mauris.org
Grady,Mayer,Nulla.facilisis.Suspendisse@seddolorFusce.com
Alden,Petty,lobortis@egetodio.ca
Aristotle,House,imperdiet@metusInnec.co.uk
Orson,Parsons,augue.eu@sitamet.co.uk
Thor,Chan,sollicitudin.commodo.ipsum@massanon.edu
Troy,Dale,blandit.viverra@etipsum.net
Dylan,Barker,et.magnis@ante.com
Aidan,Wilkins,sagittis.semper@fringillaestMauris.net
Lance,Lewis,natoque.penatibus.et@etultrices.com
Vance,Ramsey,ipsum.dolor@facilisisvitaeorci.ca